id,predict
39386,
53759,
26960,
47957,
13089,
39988,
18839,
28690,
38402,
45856,
15528,
35913,
49495,
18237,
17885,
44970,
11940,
29584,
42089,
9694,
23882,
34835,
15984,
28032,
7158,
6617,
42042,
48578,
24062,
51667,
6425,
31782,
21948,
52486,
53554,
47366,
23623,
7193,
42614,
47154,
46086,
51031,
54543,
4524,
53766,
36137,
47392,
16530,
22705,
19578,
27879,
34452,
46072,
28831,
18698,
55465,
25712,
11527,
14869,
40385,
44725,
28469,
55001,
56684,
20604,
52224,
36761,
33021,
25144,
11371,
14603,
37481,
51693,
16154,
22361,
17086,
19540,
7963,
8117,
58170,
39375,
46876,
44379,
51499,
19316,
17882,
41439,
4944,
43994,
49492,
8587,
42248,
48772,
17876,
53934,
1638,
53108,
32903,
29321,
15379,
58184,
1852,
7399,
26967,
27089,
3739,
19786,
57563,
33026,
11376,
7504,
34203,
55234,
27614,
7736,
3396,
19329,
43163,
33214,
20603,
11978,
27042,
31127,
40382,
5405,
20055,
28238,
16537,
55650,
47153,
51036,
26958,
13283,
26164,
15948,
24401,
10634,
4711,
14294,
23624,
47361,
7194,
48329,
12163,
44180,
22392,
51660,
17075,
18801,
3150,
29548,
38608,
36792,
45260,
43956,
5068,
58522,
28655,
58146,
40985,
7169,
7955,
8121,
49808,
27877,
19744,
47992,
18696,
1890,
24408,
21946,
17418,
48320,
29125,
54915,
4972,
45269,
40529,
59404,
18808,
14858,
41266,
16733,
47191,
27848,
13241,
2616,
35783,
16501,
19549,
20063,
53591,
41868,
46615,
19911,
43367,
27622,
11340,
10292,
25949,
5265,
24295,
43155,
8748,
35313,
43393,
42241,
15714,
53101,
4171,
59609,
15526,
21713,
44384,
17271,
23044,
12703,
53757,
12367,
12969,
47357,
33480,
21145,
4727,
45400,
29774,
18033,
48743,
47539,
29546,
26956,
48929,
18665,
47961,
56813,
49033,
8314,
31129,
43509,
14860,
39344,
40982,
59093,
21189,
8126,
12199,
39512,
52823,
50748,
19115,
42883,
27428,
44348,
14438,
17420,
12152,
30202,
40175,
53562,
7397,
47162,
27087,
57794,
23043,
6621,
22191,
42074,
26703,
24054,
21526,
24868,
11175,
11949,
37685,
50545,
43152,
27625,
2047,
10295,
57552,
16506,
28209,
8119,
25516,
36333,
43536,
54581,
26101,
54521,
9259,
30064,
47136,
5494,
45661,
36393,
4546,
15111,
40313,
56276,
37073,
21116,
15323,
57196,
54713,
51261,
47304,
32959,
45037,
37417,
32165,
56420,
18058,
3135,
23225,
34292,
51605,
42020,
12750,
6675,
17222,
46480,
4122,
21740,
15575,
33285,
10007,
32191,
33043,
13444,
28639,
7753,
46474,
31142,
55407,
27027,
13212,
43562,
50949,
49864,
22555,
34430,
23487,
20202,
10497,
4780,
11777,
2477,
22767,
14498,
40748,
35971,
7798,
59457,
12139,
8186,
18403,
9868,
37870,
38236,
9266,
28898,
48141,
26902,
47109,
8172,
48387,
22758,
28262,
37884,
39310,
49067,
46813,
50976,
29182,
30893,
11922,
33840,
44912,
37080,
57165,
3790,
46017,
45692,
10490,
39328,
56285,
13671,
50516,
6686,
22136,
16303,
14454,
52073,
33878,
32196,
54384,
50724,
13685,
12757,
20695,
53367,
56615,
32162,
38458,
23222,
15324,
37848,
57191,
49299,
6818,
2484,
50186,
40589,
39773,
35982,
39317,
28057,
30894,
19522,
43768,
58112,
52428,
48146,
30860,
57992,
9437,
17028,
9605,
5809,
25325,
55052,
16335,
47597,
19973,
6482,
20465,
14650,
36500,
23684,
22756,
7134,
52421,
56081,
33416,
10694,
36356,
44776,
11574,
24693,
19719,
49855,
8188,
3560,
47335,
23670,
56849,
21127,
45650,
10452,
23442,
22590,
14496,
15544,
41694,
19389,
42011,
7796,
17213,
54346,
3938,
51634,
17021,
23214,
15776,
1653,
56411,
48184,
27029,
8371,
49056,
27815,
31970,
14039,
39321,
10499,
37089,
57950,
33429,
20802,
9091,
8143,
44923,
25128,
39577,
12598,
34268,
2821,
55851,
35188,
20668,
24832,
59466,
9401,
29711,
55099,
54977,
59654,
28095,
56876,
55293,
33081,
14491,
4114,
42016,
35144,
7791,
29943,
43792,
30260,
54725,
47332,
35712,
56072,
4584,
11573,
33623,
57366,
13224,
43554,
17684,
27223,
13016,
22751,
57968,
25574,
49638,
19974,
50715,
44127,
20462,
25110,
36735,
11117,
54187,
21923,
10658,
40128,
9062,
18607,
31983,
26934,
1801,
37248,
48513,
46489,
59653,
32950,
39584,
19183,
9406,
2228,
39742,
36538,
49607,
18899,
52419,
56885,
57957,
17489,
28254,
8978,
48183,
51892,
31977,
5469,
14802,
57359,
5638,
41851,
36903,
27871,
58372,
3399,
10099,
25970,
19114,
49664,
50749,
28653,
42876,
11983,
10851,
25984,
45861,
17846,
18032,
49690,
16994,
20892,
58988,
39183,
12950,
3709,
9233,
29123,
48928,
10409,
27624,
16163,
22356,
52021,
37684,
2274,
34001,
16351,
31117,
54580,
31325,
43705,
7150,
22732,
28208,
6082,
57137,
58943,
33472,
20859,
14096,
32766,
29920,
19789,
51006,
26968,
6244,
48917,
3504,
40948,
59059,
10604,
30667,
12537,
42247,
35315,
21527,
24055,
57795,
10052,
31587,
12705,
26530,
47507,
23042,
51462,
29578,
51802,
42429,
58381,
24409,
18451,
6872,
44188,
10258,
18809,
9650,
54128,
54914,
4973,
45892,
24099,
49663,
17089,
46419,
11970,
5855,
57759,
47993,
22538,
49809,
40984,
57933,
36138,
36904,
19577,
45257,
10869,
56640,
24260,
12702,
3355,
17270,
35120,
54325,
43392,
3167,
23277,
15715,
25180,
45859,
13086,
10603,
52684,
56224,
54573,
31322,
19548,
6085,
50315,
20062,
58944,
59896,
59298,
14859,
49836,
34462,
47190,
37683,
14401,
24294,
43154,
42086,
50543,
17284,
43968,
34006,
2041,
3193,
16164,
46614,
17877,
2880,
38404,
38636,
56649,
49493,
9666,
14098,
48125,
46883,
3738,
7996,
29320,
12961,
33488,
28808,
47199,
27840,
31925,
8116,
21985,
39146,
16951,
25941,
45098,
44378,
11946,
55038,
7708,
51498,
28450,
52480,
56020,
10635,
27285,
3535,
12162,
17410,
51205,
30464,
38609,
53136,
44181,
57596,
56444,
42276,
35324,
23241,
3397,
20602,
14437,
36767,
11377,
43350,
32591,
58972,
33443,
31314,
13878,
28239,
43506,
55463,
7353,
35586,
58720,
16358,
55803,
28457,
19122,
49652,
20408,
52028,
49236,
8111,
13840,
44529,
59898,
21982,
36935,
27847,
28033,
47358,
12966,
21976,
15971,
29929,
59606,
35912,
54119,
29571,
42840,
22199,
54925,
43992,
9453,
29743,
3955,
2887,
23279,
18838,
44985,
43501,
11526,
52473,
32596,
11714,
25979,
41400,
50740,
34205,
8778,
27420,
22152,
14430,
5067,
56685,
39728,
15724,
56443,
12501,
26734,
51666,
6424,
54126,
30463,
51454,
47531,
50586,
36794,
46087,
21949,
59853,
10632,
24407,
9008,
12165,
26350,
3532,
9834,
17417,
6040,
51202,
23682,
56087,
41030,
10692,
11572,
24695,
33622,
44770,
20235,
28058,
48981,
16757,
55430,
8348,
31175,
33246,
46443,
34063,
12793,
2216,
16101,
19975,
46671,
19149,
13473,
41454,
14656,
10030,
39788,
53357,
7790,
51400,
34097,
3330,
29728,
55292,
13487,
33080,
51256,
35713,
24453,
4743,
11586,
24661,
21313,
48975,
26136,
18898,
19176,
22139,
26599,
49434,
18296,
5830,
33279,
34438,
50941,
46824,
8377,
51893,
39327,
25778,
9097,
9251,
18606,
59236,
51269,
29525,
42028,
48512,
18262,
4916,
53368,
38239,
15121,
21314,
53734,
17676,
22591,
9269,
9867,
35714,
54723,
12136,
3561,
40111,
4744,
46682,
51635,
18854,
56410,
20490,
14497,
4112,
26555,
46676,
7551,
34256,
33073,
52044,
36501,
41661,
22101,
55053,
34858,
58328,
22565,
49068,
43760,
7909,
56080,
9632,
10008,
4911,
45804,
37418,
33884,
59467,
21925,
56877,
6810,
30857,
31985,
48171,
1807,
33428,
7936,
55408,
14804,
36368,
58317,
28404,
8714,
34867,
58541,
33870,
28636,
2820,
8526,
24006,
37411,
46486,
56614,
15573,
49896,
54527,
25782,
32507,
42670,
49862,
7331,
3791,
31144,
43564,
10491,
58910,
44573,
5654,
52416,
7103,
42684,
9099,
27213,
52072,
34260,
22305,
16130,
27677,
55257,
34052,
18298,
2227,
3568,
21913,
57993,
40924,
15128,
54518,
50984,
2688,
48523,
9604,
42019,
12769,
17815,
38466,
41668,
11924,
54188,
2218,
35983,
55268,
38492,
33846,
43769,
37882,
56089,
57967,
39316,
5459,
29184,
34409,
46815,
34055,
6680,
7752,
2220,
57735,
36702,
5005,
53395,
20667,
11312,
32190,
33042,
57507,
21587,
18891,
28638,
19943,
31715,
41006,
51294,
22766,
34603,
50346,
46011,
30091,
13213,
57197,
53537,
3550,
12107,
54712,
30257,
49891,
38208,
40312,
4547,
17223,
6674,
51436,
24233,
33284,
15574,
53361,
4311,
32958,
14694,
17011,
51604,
30633,
28051,
28263,
58928,
16108,
55861,
34856,
17812,
38461,
32369,
7799,
3339,
24668,
15913,
56248,
30866,
28297,
12138,
21914,
38839,
21268,
15861,
51923,
48032,
12876,
35668,
47248,
20188,
4638,
56108,
48664,
59716,
4852,
29461,
33933,
43876,
16248,
41379,
49114,
49928,
50039,
28123,
49326,
20940,
38183,
21892,
48469,
42153,
12623,
50496,
16283,
4051,
15634,
53021,
57481,
40436,
17163,
22284,
53445,
32472,
26240,
9118,
27392,
35657,
9924,
17507,
42537,
13395,
6362,
23500,
37332,
32640,
38980,
57011,
16421,
55574,
16613,
49917,
46163,
15096,
25603,
41346,
31455,
50462,
22042,
36670,
4899,
56795,
52107,
4297,
36442,
5345,
14712,
20527,
11260,
24187,
9588,
17197,
34749,
58061,
5719,
39264,
15892,
46967,
49113,
14518,
27508,
34923,
22846,
43871,
16841,
50668,
2964,
22248,
24379,
9776,
30779,
12429,
3842,
53825,
56933,
41984,
59147,
59375,
39290,
29002,
23538,
5342,
41517,
44859,
43240,
50657,
46732,
2355,
55117,
31452,
23197,
7243,
53684,
52756,
36213,
14371,
57016,
31204,
12086,
13154,
27361,
50233,
53670,
4432,
24510,
32475,
12072,
18548,
34782,
6157,
9923,
21406,
24948,
37563,
24174,
42366,
26623,
17164,
35234,
50491,
6701,
47426,
16284,
25294,
24346,
10173,
40603,
30589,
5945,
33902,
52109,
52935,
9586,
36814,
8202,
27966,
49919,
58265,
39252,
14976,
56905,
52599,
38146,
24519,
9116,
29206,
12847,
42539,
29034,
15850,
23956,
28582,
50498,
54804,
11894,
24941,
53813,
45976,
3874,
21292,
11407,
25632,
57212,
2707,
13350,
46152,
16622,
27357,
50205,
46360,
7047,
35692,
15295,
39863,
41979,
20172,
40097,
10383,
25256,
8659,
2363,
16246,
50453,
34116,
45175,
15605,
32027,
59718,
4060,
45347,
10145,
30542,
23155,
39299,
24714,
27191,
17704,
35454,
9915,
53474,
38179,
53814,
9575,
8695,
4058,
51915,
30922,
37935,
58898,
48236,
29201,
18780,
49122,
14971,
5728,
25438,
7843,
12088,
13966,
34778,
11269,
16870,
9581,
19838,
3887,
10189,
13191,
54656,
12043,
7888,
47241,
6166,
46393,
59149,
38942,
53473,
59975,
52793,
10142,
9778,
2390,
29468,
35037,
47417,
23152,
50692,
18921,
10370,
25097,
5141,
24383,
50454,
43271,
27734,
14724,
45186,
57443,
10384,
33106,
11256,
31235,
13959,
7040,
15292,
14340,
53487,
20175,
57027,
58853,
20949,
21295,
52767,
12285,
55542,
50030,
17757,
47027,
5585,
40030,
10740,
23750,
9946,
51370,
54602,
3440,
32074,
14784,
53043,
23106,
12641,
55186,
26474,
54054,
56703,
11202,
18981,
28728,
13555,
40692,
5115,
14542,
49975,
49149,
44656,
25453,
58807,
52501,
39830,
14314,
46333,
40659,
4830,
7689,
3229,
9713,
18176,
45925,
45119,
25498,
37961,
24778,
17768,
9377,
13932,
2559,
39033,
45589,
57870,
14119,
58236,
28141,
52368,
19262,
13758,
16018,
34348,
2901,
8407,
57428,
58460,
25834,
4696,
14313,
22671,
9189,
31266,
23591,
2753,
55511,
39239,
33703,
57246,
36271,
20314,
35090,
55949,
6797,
15497,
11205,
14777,
46750,
19854,
50635,
34370,
2105,
13552,
23101,
12646,
55181,
1546,
4808,
20784,
45313,
24116,
56536,
4206,
51713,
30724,
27793,
37959,
15235,
53420,
6135,
35632,
26225,
17750,
51145,
43480,
56360,
5582,
55378,
49727,
25833,
36418,
22018,
55976,
50438,
27932,
28146,
46139,
19433,
8064,
56199,
41912,
52539,
58003,
20119,
26814,
50894,
9370,
29252,
32428,
3820,
17905,
24129,
58493,
32870,
59541,
55982,
54850,
42109,
33351,
52366,
50431,
7673,
27563,
50603,
43214,
27751,
39459,
52968,
52154,
15693,
36411,
44031,
14741,
7025,
22647,
5772,
20110,
14325,
39801,
58238,
5540,
36247,
4492,
49944,
51187,
42590,
50869,
9977,
23761,
47224,
8099,
40001,
4654,
35436,
6331,
47016,
17766,
3643,
52392,
7687,
54065,
12670,
23305,
46792,
19896,
18178,
26677,
12442,
10315,
31861,
55518,
14128,
37198,
13903,
49375,
9180,
1789,
33960,
28726,
34379,
28514,
13769,
49523,
39654,
52359,
41588,
45914,
17933,
9722,
4801,
40668,
59745,
28184,
24749,
53429,
12019,
48253,
9174,
47647,
23302,
51722,
46795,
23130,
42107,
32614,
44694,
15036,
23554,
3644,
28980,
18729,
36086,
39208,
25657,
48891,
2762,
9984,
31257,
57879,
6594,
7446,
27756,
19059,
40496,
33958,
21693,
7674,
37957,
29263,
51379,
9173,
48254,
26825,
30940,
18372,
42138,
21658,
53278,
4208,
52198,
59570,
3811,
35258,
17934,
22029,
39461,
59584,
14779,
49716,
20128,
57846,
49372,
19402,
27903,
8267,
48092,
14913,
58200,
28326,
46359,
12089,
28114,
19653,
39254,
52759,
20379,
28570,
3288,
27538,
5943,
39630,
11268,
50658,
28742,
29456,
47429,
22882,
43089,
18311,
59721,
53029,
3872,
20983,
6158,
12841,
26248,
27994,
22247,
3085,
55315,
48698,
43270,
33107,
5372,
36475,
57670,
5140,
14517,
4092,
22075,
50455,
43042,
20346,
13356,
13958,
16416,
33563,
14341,
5716,
41385,
15869,
15055,
37305,
47240,
9913,
10715,
4630,
28789,
56564,
5988,
10143,
22081,
42958,
6731,
3243,
2391,
46198,
15851,
13994,
51779,
49786,
6709,
50499,
22885,
23957,
33903,
28745,
42994,
8667,
49540,
34914,
5944,
28113,
18786,
50835,
46950,
41349,
38381,
7845,
32214,
15604,
4253,
9128,
54650,
38178,
15260,
39896,
38944,
41382,
35455,
3620,
6194,
35693,
22624,
8832,
43613,
19459,
49329,
31233,
11634,
39862,
52553,
57213,
36224,
20341,
49927,
16623,
25257,
5147,
22072,
46537,
55120,
43045,
46705,
34325,
33100,
41520,
3843,
30778,
59522,
4854,
5986,
4068,
18320,
48450,
23961,
9777,
38343,
26877,
27199,
12870,
29231,
7887,
26279,
48206,
14941,
28125,
49112,
20946,
5718,
52902,
25850,
5972,
28541,
51589,
8651,
6156,
12073,
42703,
30323,
51126,
47043,
56303,
20383,
37334,
21251,
50490,
25295,
32222,
40602,
21407,
17165,
23350,
18911,
51770,
2192,
26622,
50464,
30581,
10186,
11868,
52333,
58609,
36444,
37596,
20521,
34313,
7414,
27704,
42393,
57017,
5727,
20145,
38986,
36020,
8804,
13969,
33760,
11430,
20377,
1989,
5149,
49571,
28774,
56599,
20519,
24985,
12883,
7874,
40098,
38182,
41378,
11408,
28122,
54498,
6952,
56109,
4639,
41982,
46995,
18327,
50007,
40295,
11437,
20370,
57010,
58058,
22615,
34770,
50235,
43622,
24186,
25868,
52106,
5344,
50651,
28579,
34126,
7621,
2353,
25266,
4898,
40437,
57480,
24172,
15635,
35000,
16282,
3275,
10175,
59728,
35464,
55581,
32641,
53676,
15063,
58890,
32473,
14383,
15251,
29209,
35656,
43676,
57878,
20116,
36073,
33501,
14111,
20324,
5546,
24784,
25656,
7211,
17794,
44205,
25232,
19058,
50605,
34340,
7447,
36417,
14747,
53080,
25000,
57420,
21666,
6753,
7681,
9529,
18942,
51723,
54635,
53410,
37969,
32427,
54407,
30142,
49717,
49525,
22814,
6798,
30189,
5579,
57847,
29296,
48067,
29050,
49989,
45778,
3448,
6906,
4209,
24925,
17109,
12649,
54860,
1549,
4467,
38328,
3642,
28986,
35437,
26212,
54632,
9976,
28388,
40000,
18179,
19897,
40464,
45324,
41784,
17303,
35053,
51516,
43215,
8408,
34347,
22222,
36410,
52155,
15692,
53087,
32282,
25235,
55142,
5541,
11464,
42591,
13333,
49945,
13101,
22646,
23794,
18374,
54867,
51529,
58696,
37509,
24922,
9511,
19094,
3817,
18522,
8295,
43488,
18710,
37199,
7827,
9181,
55519,
3689,
31860,
14915,
59582,
44833,
49710,
28727,
46758,
14782,
15650,
53879,
24117,
30725,
29608,
18973,
46597,
20785,
21657,
56705,
26016,
12223,
6306,
35401,
59329,
11694,
56153,
32416,
59927,
10746,
30341,
9940,
35633,
43475,
28944,
3680,
56395,
58801,
13137,
27302,
17597,
33154,
13553,
46751,
27554,
55948,
44234,
5113,
15496,
33366,
51349,
29253,
36089,
26029,
39697,
48432,
30528,
55983,
35268,
45923,
5910,
49514,
22825,
27759,
7449,
39451,
28375,
8859,
57876,
37993,
55173,
27553,
34978,
46564,
6791,
50401,
5114,
25204,
57416,
16026,
28729,
5742,
13130,
30180,
19638,
55517,
34520,
23597,
49974,
45785,
58208,
56392,
10587,
21006,
10741,
30346,
54603,
3441,
17564,
47026,
30948,
45771,
21234,
53614,
17332,
32849,
24110,
40455,
56530,
3819,
36248,
58237,
14118,
14924,
50866,
19607,
31851,
7218,
2558,
22648,
16825,
53089,
57429,
52967,
59781,
43815,
28524,
58495,
53841,
14588,
38742,
10128,
32278,
42933,
56359,
18721,
8096,
9978,
11810,
5935,
34159,
55952,
46579,
16209,
31619,
19073,
2922,
29282,
13911,
36058,
56981,
20901,
39010,
14906,
31873,
48241,
42549,
15478,
45308,
23926,
34991,
54874,
7498,
32854,
33986,
39480,
28961,
22467,
36067,
52522,
31242,
19428,
13112,
2545,
22655,
16460,
34730,
15681,
25014,
57434,
27743,
55363,
12696,
46546,
33343,
21440,
37525,
47652,
12662,
34192,
7695,
32265,
56720,
48870,
15023,
40221,
32601,
24556,
56176,
32433,
43696,
29249,
51353,
9965,
48622,
4028,
59750,
20798,
18360,
54873,
3669,
18704,
31880,
23579,
48246,
37945,
11689,
36897,
14901,
19622,
28959,
58444,
53890,
5932,
49536,
55955,
5793,
15216,
10764,
56171,
51354,
23774,
35423,
47003,
56343,
11484,
42115,
26450,
29418,
35047,
4017,
14592,
37710,
1565,
10300,
1757,
33182,
26662,
6572,
43033,
22838,
19279,
5303,
14754,
53093,
11226,
43201,
14330,
39814,
20939,
25477,
8078,
13115,
16467,
8844,
28368,
13929,
28966,
14102,
15811,
24558,
37973,
9157,
17548,
38563,
52980,
3835,
18356,
9701,
23917,
42920,
59766,
39683,
52148,
19042,
13578,
28705,
12698,
55963,
34168,
11821,
9391,
46910,
29081,
41309,
33729,
41907,
36069,
14339,
19426,
49356,
28361,
37726,
21643,
33386,
32254,
12653,
30731,
27786,
15644,
30355,
9954,
17577,
21015,
15220,
32402,
40022,
4445,
15012,
40210,
51150,
43653,
22664,
4683,
24593,
58815,
44644,
33716,
10594,
57253,
13311,
27918,
7234,
46113,
14550,
20765,
33372,
11022,
7650,
46577,
6782,
12495,
7462,
14762,
20557,
39026,
8076,
28366,
9998,
39214,
22836,
55964,
36638,
6588,
35875,
55990,
38756,
32862,
42329,
18163,
48613,
57891,
9150,
26208,
15816,
32608,
46742,
7465,
44015,
59598,
33147,
57402,
58678,
57630,
26495,
46570,
22035,
44643,
14133,
56386,
11441,
29885,
31274,
17584,
16456,
52514,
14301,
53600,
15829,
12230,
48846,
23745,
10755,
26653,
12466,
17928,
6543,
53056,
21476,
1766,
32253,
42124,
42918,
22061,
29489,
7603,
34938,
9799,
2371,
37781,
52316,
14731,
52124,
45193,
22253,
8479,
2143,
30796,
58846,
50217,
13170,
7267,
12290,
25620,
15889,
52772,
39885,
53466,
9907,
23711,
46386,
55791,
34594,
47066,
12264,
56326,
24706,
10533,
4416,
45731,
35022,
47402,
23147,
11085,
32207,
24150,
10365,
37547,
3859,
18934,
47630,
38392,
40288,
8210,
22608,
54688,
6984,
3892,
2940,
34309,
8446,
49761,
9594,
52927,
45990,
5359,
39624,
34907,
43069,
48481,
29670,
2188,
24953,
15628,
10168,
11886,
42973,
28590,
22896,
14990,
24739,
58283,
20399,
53459,
38968,
35217,
18933,
12435,
9558,
35025,
17711,
34593,
7294,
27184,
18759,
54476,
12263,
42513,
1163,
10706,
4623,
39882,
53461,
51336,
6948,
43435,
13345,
12297,
8228,
31015,
39278,
44610,
20355,
25415,
20167,
34755,
50210,
27342,
13177,
14736,
44046,
16061,
43263,
30791,
55134,
43051,
2376,
41706,
25243,
23729,
18554,
9103,
19486,
20990,
38153,
14997,
27987,
18766,
12638,
35826,
42148,
8687,
30568,
23943,
29677,
24954,
25886,
4882,
58614,
42980,
55339,
27719,
9593,
13974,
49302,
31218,
59190,
39247,
10502,
33780,
37320,
30939,
13989,
58883,
56125,
59951,
56919,
18905,
17171,
48649,
12403,
26636,
32004,
24161,
15626,
1531,
40616,
4043,
22898,
42141,
50642,
27710,
8448,
11272,
25275,
56787,
43067,
31447,
57231,
35483,
50014,
31023,
49139,
16433,
33546,
57003,
38992,
36034,
45169,
3857,
41991,
18562,
30308,
26863,
17718,
30906,
19682,
18750,
38357,
15873,
59360,
20952,
36837,
41159,
57800,
12890,
55559,
44619,
14169,
55901,
22853,
5966,
25844,
2971,
30798,
19020,
31216,
27373,
39249,
20364,
49902,
16606,
46176,
7251,
34556,
8219,
31024,
26093,
27141,
43404,
36665,
52320,
20700,
14535,
50477,
2347,
43060,
3295,
17182,
51797,
45999,
4282,
5350,
33919,
32231,
1536,
24354,
10161,
5196,
23171,
42146,
35828,
6521,
47606,
11281,
38539,
15621,
25888,
56122,
38961,
15245,
15077,
35470,
17720,
29813,
55595,
30102,
41708,
58625,
31827,
26890,
34569,
57209,
21289,
8828,
31229,
13179,
29010,
26058,
15874,
15048,
59969,
56921,
12863,
48215,
18565,
3850,
43897,
4847,
1758,
24906,
32863,
3833,
29625,
18350,
48420,
23911,
9707,
4018,
23549,
18734,
51955,
15817,
59304,
6119,
12800,
29241,
8083,
27921,
28155,
31844,
28969,
8245,
20936,
5768,
46318,
19420,
8077,
33179,
38591,
52972,
19878,
2915,
35880,
58646,
17571,
12003,
31281,
11686,
57093,
25681,
40216,
24753,
15014,
47033,
30161,
43493,
15470,
3202,
54040,
34397,
56525,
11024,
41754,
22034,
16201,
7656,
49539,
31423,
27546,
2324,
19847,
22206,
16033,
31611,
2116,
43231,
25023,
59599,
36434,
7000,
31275,
39824,
56989,
46115,
7232,
2740,
1599,
44810,
2912,
28704,
8414,
39020,
37986,
44448,
19427,
28152,
50874,
19615,
8242,
21817,
37972,
47239,
30159,
9364,
53639,
26458,
35873,
59767,
45338,
49966,
2747,
13122,
24592,
39823,
11211,
14763,
20556,
52176,
25216,
15483,
52344,
35084,
16206,
34156,
7497,
34390,
17112,
1760,
40447,
41595,
53050,
52182,
15645,
4020,
15013,
35414,
43494,
42546,
8887,
29279,
12838,
35626,
9169,
11681,
24566,
21014,
15221,
53434,
28356,
25449,
39016,
14900,
28164,
43469,
40688,
27548,
2118,
8422,
19075,
11218,
58445,
34997,
12831,
6128,
37944,
21821,
36298,
23578,
18705,
6587,
46772,
27745,
18198,
46540,
2315,
41765,
25220,
11015,
1590,
11829,
22461,
9399,
13326,
24796,
41301,
11471,
33513,
58822,
14331,
44441,
13928,
9997,
31244,
43664,
2543,
22495,
12200,
2785,
15819,
56342,
44687,
24550,
38933,
5792,
4640,
21022,
6117,
23775,
3465,
12032,
10301,
21446,
17124,
42326,
12456,
26663,
23123,
35046,
30534,
32263,
24306,
52386,
14593,
38305,
18702,
48072,
18968,
7499,
38761,
54049,
2923,
16806,
44821,
53896,
59590,
52178,
33973,
25218,
54881,
34158,
46578,
58214,
45799,
7009,
34193,
23124,
27584,
30533,
42113,
20593,
23316,
26664,
24557,
40012,
5795,
15210,
4647,
6110,
12035,
3462,
47005,
31085,
57297,
45752,
33514,
25471,
41908,
46311,
7036,
13113,
49957,
51194,
50046,
55534,
20331,
34167,
50422,
12697,
35889,
41762,
20755,
40482,
25829,
20567,
53095,
19871,
7452,
2120,
43207,
26690,
3052,
18903,
17177,
51762,
45150,
53809,
21627,
37742,
24355,
14998,
13381,
17721,
6376,
26254,
12061,
30331,
38960,
56123,
36200,
33772,
39248,
12095,
2510,
22600,
7062,
20157,
5735,
58871,
49769,
7406,
33918,
44076,
48489,
46513,
58086,
18564,
6947,
29223,
46980,
6349,
37319,
59366,
42178,
4846,
4248,
9557,
17974,
47638,
3851,
9791,
2379,
34930,
49564,
41709,
58072,
52548,
38197,
21886,
31228,
18590,
19670,
16638,
31826,
57208,
52326,
14533,
30594,
7633,
13524,
16056,
37583,
20534,
12092,
7065,
44415,
14365,
52570,
33547,
14157,
20362,
44627,
11425,
28933,
43402,
50829,
49904,
6385,
35644,
9937,
47264,
53456,
15243,
58882,
38369,
10503,
46184,
17726,
23177,
35012,
30752,
3055,
51765,
4270,
56540,
8220,
14168,
36238,
36836,
7866,
50218,
33920,
30799,
16855,
11842,
15618,
59537,
44886,
9762,
42943,
29472,
46987,
47069,
30907,
38958,
53469,
5704,
20166,
21888,
35686,
54483,
52774,
51595,
7605,
14505,
52310,
24390,
25242,
31642,
49758,
7437,
46710,
3251,
26433,
35024,
47404,
37541,
53004,
45161,
36493,
12434,
26601,
3063,
23373,
18932,
59966,
56112,
6949,
23717,
51337,
51939,
29823,
45737,
4410,
15047,
24700,
28750,
34901,
28562,
18793,
49303,
28334,
8818,
57837,
20159,
37328,
14996,
18767,
48017,
51906,
26068,
29020,
9102,
23728,
7098,
39080,
37926,
38152,
16897,
31689,
9566,
47609,
45962,
5199,
1539,
12639,
48473,
29444,
16299,
12265,
17717,
30909,
23522,
34595,
47067,
56115,
59961,
26262,
6172,
53003,
21423,
25083,
54226,
3858,
16093,
6516,
49599,
30551,
35023,
22094,
54828,
6724,
4073,
32206,
57457,
10390,
56585,
55300,
17989,
43265,
16067,
22060,
27176,
19679,
55556,
22404,
53493,
58847,
33576,
18599,
27344,
31221,
50216,
7054,
11887,
17942,
24952,
45965,
30338,
42718,
29215,
12854,
4428,
9337,
13388,
51901,
54689,
22609,
36209,
44629,
50827,
8211,
28101,
5956,
19222,
8675,
34906,
8447,
16058,
16318,
55843,
54991,
28625,
16916,
43328,
39565,
52068,
19506,
7925,
56890,
2659,
50955,
51887,
19734,
9077,
59010,
15931,
16788,
18612,
48162,
12328,
59646,
29531,
18276,
34880,
48506,
17830,
10229,
33897,
32945,
2666,
31161,
24681,
5443,
11754,
57141,
7126,
43773,
3586,
57525,
40592,
11330,
14642,
19961,
22320,
16115,
22112,
27460,
43125,
57717,
25337,
14470,
5027,
33094,
56403,
35363,
30611,
13493,
17201,
23808,
10818,
54502,
29956,
3740,
53727,
10672,
38018,
57989,
17457,
47327,
43787,
26310,
12125,
42209,
18043,
38444,
39596,
32942,
24229,
58793,
59641,
4139,
17239,
47549,
23830,
6038,
37854,
20219,
43579,
48191,
16549,
46239,
42699,
57179,
50738,
49615,
54398,
44936,
33864,
21132,
5682,
37057,
48368,
17662,
6235,
22585,
54505,
26125,
31192,
3747,
11595,
21300,
7783,
17206,
26541,
10023,
38649,
41681,
10211,
56404,
52898,
37433,
4334,
51621,
12546,
46450,
12780,
19368,
43122,
2205,
57710,
33067,
52050,
55275,
25566,
7121,
17696,
46034,
9289,
27003,
33631,
12319,
49081,
57389,
59021,
28284,
18411,
23208,
26548,
4933,
15558,
35399,
22920,
50158,
27836,
8352,
33638,
49247,
8160,
10015,
33297,
4130,
30412,
7587,
56432,
15755,
52092,
29369,
23653,
26321,
10643,
11791,
32513,
4766,
32721,
17654,
57342,
56290,
14025,
49876,
22547,
53386,
43928,
16316,
22311,
19950,
46654,
54391,
31706,
12584,
32183,
57514,
37891,
39137,
57974,
58100,
46208,
28277,
7913,
49240,
19702,
28421,
5812,
44309,
44907,
38481,
28613,
16920,
55881,
19392,
4934,
38647,
52896,
45821,
53944,
48702,
42238,
21900,
12910,
28283,
8193,
3749,
48154,
38223,
10449,
34273,
22316,
57721,
36716,
20217,
49871,
7322,
29994,
31157,
28846,
57177,
56899,
36140,
40306,
56263,
37254,
21331,
6204,
50194,
17653,
54534,
6036,
2496,
48359,
32514,
56051,
10220,
14680,
32342,
38678,
20687,
17237,
3312,
12745,
29598,
51482,
36742,
37690,
25355,
5879,
45082,
56495,
43375,
55210,
28678,
22342,
40194,
33466,
25503,
46263,
34643,
12381,
49019,
49825,
47183,
21391,
53577,
21157,
40160,
3510,
13095,
9218,
29108,
17607,
47177,
4507,
2294,
26524,
12711,
24273,
53113,
5283,
56461,
25193,
1623,
44998,
10274,
14875,
31900,
33459,
16974,
28647,
25964,
39507,
48590,
31558,
8765,
55821,
2099,
49684,
25990,
45049,
11399,
38421,
59624,
48564,
35930,
29553,
59240,
51811,
35568,
29137,
42608,
19590,
56806,
21954,
15701,
25194,
40503,
30674,
18822,
6401,
29759,
2293,
3341,
22183,
45243,
21706,
4958,
10041,
24274,
42402,
53742,
10425,
24610,
41889,
15365,
45415,
24422,
32547,
56002,
31104,
49822,
34476,
5426,
44701,
57316,
13066,
7143,
52032,
5270,
44157,
25160,
11355,
2055,
19138,
55217,
3187,
50765,
2869,
22345,
27405,
23899,
42092,
55025,
50557,
17290,
51485,
7715,
11167,
19597,
6866,
1871,
45618,
14886,
51816,
11990,
59623,
10842,
5089,
42059,
22980,
29554,
48751,
18021,
16987,
24845,
11158,
33208,
50568,
43943,
55826,
55228,
8550,
51688,
44168,
39500,
6892,
47389,
39958,
38284,
19751,
42606,
47374,
45423,
20888,
12512,
31790,
54307,
6437,
57582,
24070,
1612,
5080,
4152,
13434,
46636,
51681,
17094,
4394,
36541,
56696,
27433,
43176,
22141,
52652,
14047,
5410,
44737,
25700,
26185,
32585,
25532,
36919,
33457,
29562,
23058,
44996,
17863,
54338,
18017,
6408,
38848,
21965,
42639,
46299,
18641,
47945,
9216,
30817,
4509,
1847,
57911,
58165,
21991,
20843,
58959,
26388,
19767,
55448,
27854,
22942,
34827,
17299,
28444,
58501,
25955,
44962,
19131,
49641,
17897,
48793,
2860,
43727,
31307,
46255,
38884,
52655,
20275,
14040,
41242,
25707,
6292,
31909,
45286,
56691,
3384,
22146,
20423,
58539,
37652,
21737,
45272,
4969,
23060,
47525,
31797,
44192,
15730,
1615,
38428,
10242,
45424,
14286,
37004,
40156,
45616,
37236,
20281,
53773,
26176,
44965,
22945,
28027,
25738,
39969,
57916,
13068,
31338,
49222,
28215,
12986,
48136,
59276,
59044,
10619,
23609,
45843,
17864,
2893,
17058,
12718,
29565,
42854,
59612,
5884,
38625,
47579,
29506,
4109,
10810,
3748,
51844,
48155,
9272,
57981,
37864,
46807,
28878,
13239,
29196,
28044,
17699,
30887,
27830,
39304,
39136,
13837,
33854,
52863,
22926,
49417,
28420,
42662,
6037,
56050,
36989,
5480,
21330,
49884,
51047,
47122,
4136,
20686,
38679,
12744,
47546,
17838,
17004,
45023,
15753,
10221,
36717,
50737,
34616,
28249,
44561,
56898,
20818,
33433,
57176,
41221,
3783,
30084,
22541,
34424,
28427,
46458,
57718,
32981,
25936,
58562,
33853,
49622,
44559,
49074,
22579,
21906,
56068,
18410,
35708,
12318,
21308,
38225,
15901,
19394,
39793,
52890,
9423,
57343,
3784,
27034,
48199,
7324,
34423,
50166,
19509,
42691,
7116,
17493,
34611,
5641,
39932,
33434,
22310,
36522,
14672,
32182,
33050,
52255,
25307,
33262,
2232,
8708,
43929,
16317,
30621,
19199,
23236,
7586,
45024,
32176,
45216,
10828,
56601,
54156,
48509,
12743,
26112,
16787,
49883,
30245,
41821,
14811,
13208,
43578,
8365,
46836,
28075,
38683,
22917,
19356,
7749,
43920,
49614,
28623,
25900,
4904,
13698,
34886,
9627,
42806,
48732,
29705,
33891,
56862,
11799,
36987,
40309,
9243,
30842,
48958,
57523,
44908,
55274,
34243,
22928,
13653,
7776,
36726,
57711,
27002,
50150,
16745,
14012,
11560,
41210,
56095,
57147,
33402,
46207,
8954,
2694,
31193,
12311,
48967,
17663,
26918,
44796,
10674,
54736,
24819,
15762,
52899,
27492,
34085,
6650,
17207,
38648,
10022,
41680,
5489,
25799,
30845,
29154,
19197,
18045,
7588,
10228,
59647,
49613,
19163,
2832,
20449,
59481,
39564,
53389,
57729,
39332,
2658,
19735,
46831,
49879,
8150,
44568,
3325,
23809,
55889,
51415,
34082,
37607,
21762,
10025,
45829,
56066,
32523,
43786,
50391,
26123,
29957,
31194,
48960,
47114,
44791,
39903,
20012,
30280,
7127,
43540,
55425,
50157,
46032,
22577,
14015,
33637,
43124,
22113,
16326,
28429,
5026,
36513,
15791,
52056,
38489,
57524,
25104,
41441,
43316,
22321,
18812,
12514,
42264,
10243,
53918,
15731,
45041,
37653,
36781,
21736,
43184,
59248,
21352,
47140,
48934,
35560,
18678,
30012,
48108,
17402,
6055,
7187,
26345,
12170,
56032,
15355,
25706,
57326,
20274,
49812,
28825,
22711,
27263,
2859,
17092,
19108,
2065,
57570,
37495,
14617,
4392,
22147,
50567,
31550,
27435,
40168,
3518,
30811,
59277,
9674,
38624,
57789,
59613,
24049,
38416,
29756,
17059,
2892,
48761,
50558,
8752,
49475,
34821,
2268,
5871,
11954,
19137,
36920,
39968,
52459,
28026,
46865,
39366,
5849,
11150,
46405,
23092,
13607,
7510,
34217,
13435,
2062,
57577,
25157,
14610,
8900,
54796,
7948,
41244,
11534,
52653,
53781,
27056,
19759,
31133,
12177,
56035,
10620,
45422,
53775,
1879,
48933,
35567,
51022,
10076,
32326,
15504,
45274,
11998,
51446,
47523,
3376,
22988,
3978,
22386,
42263,
10244,
24071,
27855,
31930,
50907,
46862,
49016,
36329,
44709,
14079,
36927,
39153,
41049,
58164,
6099,
28213,
12980,
18486,
25168,
39537,
52806,
28677,
19302,
43148,
38411,
2895,
18016,
29563,
42852,
43980,
49486,
9673,
40739,
32319,
15963,
24618,
59042,
40953,
9819,
12974,
53585,
57919,
49823,
47185,
39368,
36320,
17291,
7714,
46433,
16343,
2266,
58509,
5271,
34221,
19905,
7526,
13403,
2054,
30681,
47515,
57787,
24047,
53115,
6400,
29758,
35307,
45414,
15364,
23606,
26146,
29932,
30023,
53743,
52691,
28641,
27609,
45887,
14619,
39733,
41629,
43942,
31906,
34448,
8307,
8909,
28225,
13058,
58152,
37239,
58394,
27897,
12942,
9013,
32579,
3971,
18020,
56458,
24078,
25398,
38615,
28487,
35936,
22981,
8797,
7383,
6251,
47176,
17606,
30818,
9219,
1848,
32541,
17434,
56460,
10275,
1622,
5282,
26717,
42060,
57780,
10047,
45245,
21700,
10281,
44151,
43374,
50551,
46434,
7713,
27403,
9689,
2261,
26989,
46050,
47182,
12380,
11505,
58358,
44535,
53582,
8931,
34642,
31330,
43710,
10844,
23068,
8790,
3976,
29760,
38420,
45048,
12945,
9828,
12179,
19591,
6860,
26942,
9226,
39162,
11708,
36916,
58155,
18685,
39734,
58703,
28474,
19333,
49671,
52837,
45880,
46828,
29985,
52626,
45691,
4784,
33423,
43754,
50343,
22763,
7101,
20450,
33047,
19946,
22135,
50515,
6685,
15585,
25310,
45033,
39589,
3131,
34296,
3303,
51433,
4126,
24236,
30060,
47132,
15115,
21320,
15929,
56272,
10467,
40317,
59834,
47300,
8981,
34853,
8512,
26798,
19979,
38490,
34639,
57159,
39314,
50972,
13229,
19713,
8344,
17689,
6824,
26308,
37874,
9606,
17817,
30609,
29724,
46689,
59453,
53535,
38804,
32502,
59833,
12105,
8986,
17645,
45662,
21327,
56275,
24655,
12753,
18269,
53363,
37626,
45206,
4121,
40774,
56611,
7596,
43939,
14450,
14662,
20457,
36532,
11310,
52413,
41004,
57161,
58915,
50344,
29982,
27818,
16763,
49867,
18858,
58586,
38463,
32159,
10807,
45239,
41699,
23817,
18632,
48370,
6823,
17448,
47338,
56078,
24458,
38007,
58324,
41209,
2679,
27827,
28053,
49858,
31942,
48384,
27229,
23689,
19142,
43308,
25926,
58740,
11921,
59692,
16338,
46448,
14492,
37610,
32362,
10032,
34095,
17217,
12557,
19983,
51630,
10200,
26306,
30263,
50386,
17441,
6016,
10664,
24451,
45654,
15124,
57391,
3756,
49099,
2684,
26908,
13015,
22752,
57157,
14002,
5455,
24697,
55432,
16755,
29188,
49851,
7302,
17687,
32396,
50524,
43301,
18604,
59006,
38031,
2489,
18436,
12568,
23821,
42816,
4914,
52842,
41469,
33049,
53990,
16900,
2825,
18294,
8711,
55069,
40789,
8375,
31974,
28257,
13476,
43306,
15781,
14653,
44123,
14461,
25326,
33243,
54183,
47594,
16336,
57362,
14839,
11577,
2677,
27829,
3597,
22755,
8943,
50375,
52422,
37889,
56082,
10451,
56244,
31184,
48970,
6223,
30264,
6011,
9865,
57998,
4746,
21124,
40113,
56076,
32533,
42220,
3107,
6475,
51637,
15775,
56412,
10207,
4110,
45237,
41697,
40745,
23819,
54177,
26557,
6647,
34092,
8140,
46821,
50178,
14806,
34865,
8716,
46479,
5009,
39746,
18267,
33288,
14698,
56875,
24469,
36990,
6812,
48341,
8988,
47309,
48173,
16799,
30855,
21329,
59233,
15920,
59293,
31927,
8326,
46875,
12997,
21987,
7538,
19127,
16953,
29580,
55806,
9690,
28694,
17049,
48771,
8584,
56479,
24059,
41298,
15974,
30801,
18657,
29322,
23618,
3508,
40944,
59055,
34032,
27425,
48588,
41637,
4382,
14607,
46620,
13422,
58970,
36133,
31918,
34456,
53796,
36301,
56022,
21170,
42610,
27287,
27889,
42422,
51809,
55495,
13280,
14899,
33687,
4520,
45607,
47534,
56674,
4978,
56446,
53134,
35326,
29779,
51663,
6841,
39385,
56228,
54927,
42842,
48544,
28693,
59436,
11943,
23881,
31578,
17886,
8113,
58948,
36937,
21980,
14069,
27845,
46872,
1603,
53133,
51664,
35321,
48749,
31781,
50584,
47533,
6614,
56673,
10066,
24253,
48923,
26160,
29914,
54540,
56217,
20297,
15170,
20899,
32560,
59851,
39188,
38866,
9836,
26352,
22534,
19749,
5401,
59099,
31311,
34035,
16365,
43167,
31547,
56687,
57755,
42874,
8787,
25388,
38437,
24068,
29777,
31788,
18030,
14299,
51209,
27289,
27887,
29121,
15179,
31318,
8125,
27873,
31916,
18692,
39347,
57338,
14863,
44945,
39511,
58526,
19116,
9493,
56221,
10434,
21373,
52681,
47161,
6246,
35541,
7394,
18659,
3734,
17423,
33484,
10606,
21141,
41898,
6410,
42245,
26700,
38408,
4949,
4175,
35125,
22192,
17275,
12707,
26532,
54112,
46611,
50774,
55206,
43363,
20403,
44146,
46423,
16353,
34003,
41262,
21387,
49833,
28804,
31115,
35787,
46275,
31327,
40182,
57909,
44522,
57569,
52827,
25149,
29784,
49661,
42887,
22962,
19323,
13619,
8310,
19747,
39340,
38292,
40388,
58979,
41854,
58145,
6884,
7956,
47159,
56219,
1867,
21179,
59063,
38868,
13887,
42619,
45864,
37478,
3966,
26738,
54318,
51458,
29542,
23844,
10068,
46272,
31320,
59894,
53592,
11515,
25720,
57300,
14067,
47192,
22505,
49834,
46040,
26999,
31112,
12390,
24296,
11171,
5054,
7703,
42084,
31576,
46616,
19912,
43364,
13414,
25176,
36561,
21710,
17272,
54115,
3959,
6417,
25182,
9807,
47354,
26363,
20094,
4516,
45631,
52686,
14093,
51003,
35546,
29925,
12364,
9864,
17447,
6010,
42645,
24457,
38008,
21125,
24665,
35525,
3750,
54512,
47561,
17211,
7794,
54176,
27484,
26556,
6474,
56413,
57707,
44310,
46447,
13645,
12797,
55050,
31727,
11320,
25115,
20467,
7136,
34631,
43763,
44546,
49857,
55434,
33887,
7599,
9403,
27689,
29521,
48516,
45209,
37629,
16798,
48172,
38205,
25788,
21328,
24468,
38037,
36991,
4778,
51897,
49054,
46820,
50945,
44579,
13810,
49266,
33873,
13448,
31718,
34058,
43936,
25318,
44773,
20236,
7303,
13226,
13014,
44541,
50717,
11327,
41665,
49408,
6473,
17024,
30606,
3101,
52888,
21546,
10033,
27483,
4572,
48976,
6225,
49098,
28893,
50989,
54727,
43790,
4740,
41468,
33048,
44926,
58545,
28632,
19949,
19175,
57169,
7932,
19511,
28064,
28858,
58313,
22798,
12931,
30853,
48949,
10468,
40318,
17229,
54972,
35179,
56619,
38666,
4129,
39586,
32952,
33041,
11311,
7563,
18892,
31716,
43336,
6683,
55061,
2223,
33273,
5006,
20664,
50177,
2647,
13210,
3795,
29983,
25772,
56280,
58914,
33425,
4782,
44577,
16550,
42680,
28099,
23471,
6213,
51051,
49892,
56274,
4544,
53706,
51263,
54711,
4312,
52082,
7597,
18866,
17012,
54375,
51435,
47550,
42022,
54147,
13680,
10005,
32355,
45207,
7138,
48385,
20831,
44548,
57963,
50148,
57709,
25329,
46449,
55862,
19371,
12799,
22930,
44910,
4923,
15548,
45238,
55896,
9600,
48527,
54178,
38462,
32158,
59455,
17449,
18401,
56079,
4749,
49091,
17227,
42025,
34899,
40772,
24237,
20697,
39588,
14690,
52085,
45032,
34297,
12567,
42217,
30637,
24461,
15326,
21113,
44584,
12103,
51056,
12331,
56273,
25781,
40316,
57167,
4785,
44570,
17485,
28258,
8148,
49861,
27022,
30095,
43567,
57355,
6684,
2224,
41654,
53391,
14456,
33046,
5233,
43331,
27674,
30862,
26907,
18634,
9051,
8183,
42228,
4118,
59660,
35148,
54943,
26799,
41459,
33845,
32399,
39771,
11927,
7769,
22937,
24698,
20238,
28055,
29187,
13228,
46816,
30298,
20836,
58110,
21178,
53558,
6871,
12954,
9237,
20298,
37479,
15729,
32937,
11389,
26739,
54319,
18036,
9461,
3967,
19322,
52228,
57568,
25148,
46628,
11719,
8123,
13872,
28233,
22709,
40389,
43391,
35311,
37446,
15716,
56471,
44386,
15524,
57791,
49499,
22194,
51466,
54928,
52687,
45630,
14092,
56227,
24607,
27082,
42415,
3732,
17617,
30809,
51002,
54742,
26362,
17425,
46287,
56829,
57301,
33644,
2614,
43533,
12391,
55456,
49835,
34653,
36104,
53593,
59895,
58947,
17889,
19913,
7530,
20405,
14630,
5267,
56485,
25345,
9698,
27412,
22160,
17287,
19741,
27872,
5409,
58143,
39174,
19573,
28234,
36558,
39510,
55238,
2846,
19325,
48587,
22158,
33218,
5851,
11148,
4379,
53907,
49693,
22990,
12739,
18203,
48573,
28496,
4977,
25389,
9230,
48117,
1861,
38052,
27288,
3538,
12953,
4180,
33227,
25342,
55809,
23287,
2879,
44147,
14637,
43706,
13076,
34654,
16504,
57908,
5604,
40183,
20254,
5436,
44711,
43534,
2613,
55451,
21140,
39983,
4722,
59866,
56012,
52680,
10435,
34492,
48914,
24264,
51461,
35124,
6623,
5294,
53104,
1634,
33820,
39714,
5867,
34837,
19777,
55458,
27078,
50916,
31921,
28030,
19545,
18497,
12991,
28202,
58175,
15388,
36936,
59261,
56229,
18651,
47955,
48121,
47169,
17619,
12159,
42629,
6840,
59053,
56827,
21975,
18007,
29740,
38400,
58976,
33447,
25522,
11717,
43730,
8911,
27047,
2625,
6285,
14057,
20262,
5400,
36307,
52642,
2241,
23083,
36763,
14433,
10093,
37483,
28659,
17084,
34206,
16156,
51691,
3367,
22999,
6615,
54919,
51457,
45265,
10067,
44185,
10255,
35320,
14291,
4714,
56024,
7191,
29915,
42424,
12354,
13286,
29129,
53764,
15171,
53338,
23873,
28695,
17048,
15975,
54579,
19542,
7961,
8929,
14853,
12398,
50911,
16738,
28037,
39713,
9691,
43962,
19126,
25942,
39521,
48119,
51034,
48925,
20291,
21343,
45606,
10404,
33686,
15344,
24403,
10636,
56023,
19589,
17413,
4377,
37470,
40522,
1605,
26730,
12505,
6420,
18803,
22390,
35327,
26502,
6612,
51450,
45262,
44176,
57561,
55236,
34201,
16151,
46621,
2246,
43161,
31541,
50576,
46413,
22156,
36764,
45296,
57753,
6282,
25717,
5635,
36132,
21185,
32592,
55652,
46245,
50320,
46939,
55512,
13307,
43477,
25665,
20317,
14122,
14310,
39834,
7010,
8864,
43645,
33156,
1783,
50636,
34373,
27764,
6794,
22024,
2334,
43013,
57621,
36616,
58669,
53047,
23330,
10112,
17753,
23566,
42551,
56363,
15838,
4453,
15004,
36888,
9942,
6136,
59784,
7679,
34942,
8631,
50609,
22229,
58464,
46308,
28377,
7813,
57874,
58232,
31854,
31068,
9387,
8093,
57880,
15209,
51179,
4834,
38747,
59770,
17308,
48602,
53078,
57084,
21838,
44493,
15231,
47216,
23753,
30344,
35404,
17754,
3671,
10571,
32621,
53616,
36281,
18378,
55185,
33397,
10327,
18976,
34380,
43828,
2333,
26483,
41743,
39659,
33363,
14541,
25034,
1784,
34374,
7473,
46754,
12484,
25450,
14317,
52502,
51387,
8863,
27307,
46102,
34522,
31050,
48098,
30182,
2757,
29632,
17901,
48605,
55388,
59545,
4833,
37708,
9710,
38324,
15800,
53629,
29064,
9374,
9146,
28142,
27338,
58007,
44458,
25239,
34179,
46559,
34945,
41781,
37701,
15451,
29409,
12674,
30716,
24918,
23765,
51345,
3475,
25492,
59128,
15207,
53620,
17762,
47012,
54405,
12210,
13938,
27331,
3481,
25466,
56194,
39805,
14113,
7213,
51183,
22471,
42594,
57610,
1580,
32287,
25230,
50435,
49518,
16012,
46762,
6597,
50607,
55375,
23568,
48859,
29052,
31891,
1913,
59117,
22688,
39496,
3812,
42309,
19091,
23930,
20789,
59741,
53881,
59587,
22218,
28722,
19065,
40698,
27900,
28948,
13309,
49143,
25459,
56997,
5749,
13907,
29294,
16449,
49371,
34345,
27752,
33160,
5315,
15690,
33352,
1587,
57617,
39668,
44200,
50432,
35899,
27560,
2302,
4491,
14114,
5543,
17791,
16643,
46133,
23796,
16471,
57041,
58009,
32610,
40230,
15032,
44690,
35435,
26022,
47227,
3472,
24547,
57889,
5785,
51726,
12441,
56503,
53071,
45114,
32274,
37706,
4001,
51514,
36049,
27907,
49978,
14917,
54891,
28517,
34974,
25208,
58660,
8435,
6769,
38771,
4802,
10329,
7489,
23339,
48634,
17930,
47218,
12826,
9177,
31896,
59382,
12288,
28127,
26881,
46158,
16628,
43618,
31238,
39869,
38187,
20944,
49746,
7429,
44865,
33339,
19204,
49574,
22845,
2369,
34920,
29491,
43872,
48660,
9547,
28785,
17158,
24974,
53826,
56568,
18322,
29465,
42954,
59376,
48204,
3419,
55789,
12872,
32449,
3284,
43071,
46503,
50466,
23194,
57643,
52103,
11264,
19009,
46731,
19835,
36022,
32482,
2500,
31207,
20375,
11432,
33762,
15254,
52593,
37938,
34781,
17731,
15066,
21253,
26412,
12627,
16287,
50492,
5187,
4055,
24345,
10170,
32220,
4267,
38528,
9578,
35237,
7882,
29234,
41980,
38948,
38174,
46997,
38722,
42953,
23158,
26618,
29650,
2994,
24973,
44896,
4099,
52309,
39604,
13739,
43049,
29496,
55910,
49741,
8466,
30789,
28776,
24987,
25855,
19455,
6198,
22628,
57811,
39260,
19667,
40435,
12412,
26627,
3879,
26415,
30570,
35002,
47422,
24342,
3613,
42534,
55583,
21254,
24726,
14381,
49128,
33765,
39851,
11607,
2507,
8801,
16422,
5346,
33133,
11263,
2163,
7411,
17194,
13706,
2351,
22041,
14523,
52336,
41721,
12629,
29454,
1529,
4269,
17955,
9576,
16887,
17169,
37936,
21853,
6966,
18777,
48007,
58295,
39064,
31209,
43629,
46955,
19651,
50830,
46169,
34549,
2358,
48497,
49545,
58605,
41728,
33308,
33906,
16873,
41387,
51929,
3625,
26047,
48038,
51115,
48804,
3417,
46390,
9911,
38941,
4632,
10717,
56102,
17156,
35206,
4256,
5384,
45343,
47414,
2969,
52132,
25252,
11067,
23999,
51585,
46532,
39269,
55541,
31838,
7271,
50033,
26281,
27353,
7043,
16414,
58850,
25404,
33901,
44853,
34916,
19232,
49542,
43844,
55921,
39635,
19656,
7249,
14975,
38383,
39251,
57820,
33559,
54699,
20388,
18542,
24942,
48656,
9571,
49784,
22887,
54807,
32229,
7878,
22626,
8830,
20171,
36828,
33754,
11404,
25631,
55546,
7276,
16621,
50034,
52307,
57675,
33330,
55122,
50450,
51582,
13505,
16077,
24989,
10380,
15434,
4063,
40636,
54838,
47413,
51576,
30773,
43281,
3074,
4251,
36484,
59529,
5383,
56561,
42737,
26272,
13195,
30317,
56105,
24717,
3622,
7282,
35457,
9149,
43686,
12024,
6101,
17556,
16484,
4656,
5784,
37151,
56166,
40003,
32611,
1572,
12672,
51515,
6757,
3017,
26675,
55387,
19894,
33195,
36621,
41773,
25236,
2303,
13754,
7671,
22013,
43818,
13566,
27753,
2131,
16014,
40493,
33161,
19438,
9981,
46300,
20112,
25460,
33505,
57040,
36245,
5542,
25652,
28971,
55525,
27939,
16642,
14788,
53873,
39490,
3028,
19097,
3814,
34981,
42901,
42559,
28186,
31897,
56965,
18521,
31299,
12827,
46931,
58205,
41328,
9182,
39464,
8434,
49713,
13559,
34149,
58661,
57629,
4497,
49941,
27330,
31255,
5777,
20929,
2136,
15696,
25003,
5121,
44206,
33354,
22828,
27566,
26672,
46797,
51720,
24919,
20585,
56505,
14582,
45320,
41780,
51512,
42939,
53621,
15808,
30141,
6334,
48867,
3474,
47221,
45576,
25493,
10774,
54897,
43820,
39651,
22219,
50639,
41921,
46338,
16448,
13308,
39235,
21830,
37955,
18526,
6139,
12820,
9343,
48064,
31890,
10579,
48400,
59740,
33991,
53874,
42308,
36422,
44002,
1785,
43227,
12485,
2332,
6792,
15492,
20775,
25207,
11032,
39658,
29892,
49977,
45786,
14918,
10584,
56391,
36046,
24583,
43643,
13133,
51386,
8298,
3670,
31899,
6302,
17755,
21237,
15002,
10570,
44492,
24577,
56157,
11690,
31297,
8896,
14786,
56533,
30721,
27796,
19099,
17103,
51716,
55184,
37736,
32244,
10114,
3489,
23799,
57872,
37997,
20920,
19604,
22479,
29091,
11831,
34944,
49510,
35896,
34178,
46558,
55973,
43218,
13568,
52158,
39455,
44801,
15459,
41789,
58496,
59120,
4658,
37963,
38325,
12218,
50891,
29065,
26811,
30514,
23103,
37731,
10113,
15653,
24928,
26643,
6553,
53422,
15237,
56150,
11697,
59924,
32415,
26227,
12012,
48258,
17560,
9943,
26015,
35402,
47022,
56362,
39835,
33533,
39009,
31264,
13134,
22673,
51381,
43476,
54899,
52352,
15495,
11809,
58668,
57620,
40697,
52160,
14775,
5322,
11207,
25032,
44839,
27765,
43220,
59315,
50896,
9372,
51178,
29062,
54638,
56953,
18173,
12449,
59543,
53079,
19055,
50608,
25831,
39660,
43811,
58233,
7812,
34729,
9988,
53449,
30329,
27990,
51910,
38376,
1977,
28580,
29452,
23954,
22886,
4861,
40608,
11298,
45148,
3876,
17953,
31459,
45980,
44852,
5349,
33900,
46739,
9584,
59187,
22618,
28322,
19657,
46953,
27158,
18924,
16082,
3075,
40405,
5382,
11095,
40637,
24372,
21600,
35032,
30540,
56336,
37301,
7283,
34584,
47076,
17706,
29835,
26041,
30124,
9917,
17534,
56104,
20184,
21056,
33755,
7277,
50035,
19668,
43422,
46362,
35690,
50207,
6197,
27355,
20170,
10381,
24988,
57674,
14513,
37791,
17396,
22071,
51583,
46534,
7613,
28117,
46954,
38385,
39257,
1984,
58052,
39859,
47288,
28741,
55329,
22049,
22875,
56558,
4268,
59510,
47618,
9577,
18312,
25298,
11891,
9321,
58294,
59948,
59174,
51319,
18544,
27399,
57673,
5143,
7614,
34321,
30781,
31653,
11254,
33104,
33938,
46365,
27352,
43617,
57025,
52557,
11402,
44600,
14170,
21297,
36220,
7270,
28128,
31005,
8238,
2702,
10716,
24523,
56103,
59977,
15264,
35451,
48805,
26046,
27194,
11092,
4859,
43889,
54002,
35809,
47627,
50690,
3072,
12425,
45170,
37550,
46708,
34328,
8467,
33931,
55911,
17398,
27955,
46962,
49116,
50209,
8003,
36827,
57810,
52798,
59370,
4408,
1946,
17708,
47078,
29007,
48030,
46996,
19692,
38175,
38949,
9541,
37559,
59526,
10149,
40639,
23965,
18324,
38982,
16423,
8800,
54696,
13151,
31201,
6394,
19659,
25601,
33764,
15094,
58269,
20373,
55112,
13707,
57645,
33300,
45380,
50652,
6704,
32226,
40434,
57483,
56551,
4261,
18915,
48659,
32470,
56909,
4605,
15252,
53447,
13999,
23730,
17505,
54662,
17737,
12245,
42535,
56307,
37330,
59713,
29464,
43887,
18323,
23962,
56569,
24975,
18575,
38172,
58097,
39292,
38340,
59377,
38186,
20179,
21299,
33338,
43873,
7428,
28770,
23505,
18778,
42532,
14989,
45717,
58894,
4602,
34780,
47272,
7087,
19498,
3427,
24176,
15631,
17166,
18912,
6531,
31696,
2191,
12626,
40601,
4868,
5186,
57470,
37595,
22275,
17192,
50655,
31662,
46502,
7625,
50467,
31450,
2357,
48498,
10185,
25262,
13364,
8209,
57226,
44403,
5724,
14373,
47406,
22091,
9769,
24366,
37771,
32031,
10361,
10705,
59964,
6177,
12052,
18568,
26869,
19688,
29821,
27187,
41395,
15879,
4412,
58842,
25416,
11623,
14351,
5706,
8825,
35684,
13948,
27341,
14163,
52776,
57660,
24392,
30792,
38362,
15846,
3608,
29210,
6974,
58889,
29674,
49791,
12409,
57499,
59731,
18301,
19829,
16861,
41508,
44846,
37588,
10198,
28560,
23188,
48485,
49557,
3298,
14960,
27970,
31029,
16439,
49301,
7852,
41530,
33110,
45190,
19811,
52315,
20735,
5157,
54486,
2716,
33746,
21283,
39872,
34751,
48811,
3630,
45732,
45500,
3402,
30305,
54640,
13187,
56573,
45958,
24153,
4243,
6514,
35213,
30761,
6726,
22096,
35021,
40624,
24361,
10154,
4071,
37776,
28331,
49306,
36805,
44419,
58046,
49134,
39627,
58610,
19220,
17188,
11885,
59736,
28593,
42970,
53802,
59160,
9335,
11420,
36202,
15080,
53695,
5505,
16437,
41162,
57007,
58873,
52575,
21087,
3898,
34303,
2176,
24191,
11276,
25043,
4281,
36454,
10196,
58619,
5161,
11878,
46511,
50474,
23186,
22868,
43063,
2182,
40420,
11282,
53037,
15622,
25285,
32232,
50480,
9758,
40276,
20393,
37324,
17723,
26064,
9932,
6146,
30333,
4611,
55139,
23985,
9793,
5962,
58626,
33925,
45199,
19818,
22259,
49754,
48686,
2149,
57038,
39275,
9131,
46982,
59700,
8487,
17976,
30768,
23723,
9935,
12858,
32463,
10733,
24506,
52586,
10501,
40271,
15073,
20394,
47868,
1532,
40615,
32235,
5192,
36695,
35010,
50487,
48478,
30562,
30750,
24162,
32007,
33313,
39629,
5166,
20704,
52324,
28569,
34136,
16054,
19820,
25878,
4286,
36453,
39843,
14969,
40285,
36205,
5502,
20360,
6387,
40418,
32804,
29642,
3854,
2986,
42941,
22098,
45358,
30905,
34599,
48023,
42519,
51932,
39286,
20199,
7890,
50028,
49105,
59999,
27348,
28764,
16857,
13519,
46529,
43867,
34109,
19211,
34935,
25249,
10992,
58621,
1559,
42129,
34995,
18363,
46589,
3800,
59561,
39484,
45902,
32408,
15018,
38300,
13129,
17589,
13915,
56985,
14902,
19621,
34539,
33378,
8612,
6788,
8420,
44018,
14768,
39470,
45757,
56340,
15215,
45565,
5790,
56172,
42740,
23777,
50285,
37521,
21444,
10303,
26661,
51733,
35044,
40641,
4828,
41793,
53090,
20562,
19048,
49738,
43202,
6585,
54087,
50427,
13324,
8249,
42586,
28159,
22463,
49952,
14101,
20106,
25474,
9995,
16464,
12498,
28737,
2921,
1798,
58672,
20768,
11813,
13778,
35088,
54883,
44649,
14139,
3699,
28161,
2579,
7837,
56982,
11679,
39013,
51961,
30956,
47038,
12834,
38135,
59566,
45905,
58686,
48414,
34992,
44444,
13111,
2546,
7206,
54080,
20565,
53097,
33172,
25017,
41552,
8418,
22232,
7450,
19289,
27586,
52383,
4013,
10136,
21443,
51734,
4645,
5797,
59901,
6112,
28398,
26030,
6320,
51162,
4477,
46128,
58220,
58012,
49352,
14759,
27749,
18194,
8411,
49736,
49504,
28533,
43802,
50429,
11019,
4228,
58482,
48610,
9537,
48422,
18352,
55993,
59762,
59306,
56940,
10769,
3469,
8081,
5103,
41756,
11026,
13543,
19079,
21481,
14766,
25021,
9198,
50240,
36052,
39826,
24597,
25445,
39228,
11442,
3690,
2742,
49963,
54614,
47203,
23746,
56143,
32406,
53603,
15016,
12233,
3664,
48079,
51154,
21647,
4025,
32250,
13785,
42127,
6540,
7492,
35247,
38938,
56947,
37970,
25489,
9968,
28396,
9366,
4479,
56349,
15812,
7698,
14598,
38752,
45108,
48617,
39674,
33940,
38594,
18193,
19041,
28706,
16009,
45598,
2548,
27924,
27785,
26657,
51705,
3809,
41597,
4022,
54879,
5594,
37341,
10563,
42544,
26001,
43496,
17746,
31284,
51361,
22693,
15223,
56144,
33715,
10597,
11445,
50849,
23587,
8871,
51395,
5752,
36055,
57062,
12496,
50623,
19842,
46746,
22203,
14761,
39479,
33143,
20766,
5938,
16204,
35086,
31677,
46725,
17187,
34305,
37580,
5355,
44072,
20537,
36452,
33120,
14530,
44240,
10190,
13715,
30597,
7630,
44624,
34553,
6988,
31213,
7066,
22604,
25421,
57001,
58875,
56315,
35475,
46187,
3432,
9934,
4617,
38964,
56127,
58881,
17173,
18907,
53031,
40426,
56543,
59739,
40614,
10164,
48479,
35011,
47431,
41967,
57802,
14359,
20950,
58244,
39273,
49560,
8647,
19022,
8475,
48680,
11089,
59534,
32805,
17970,
9553,
4628,
9137,
9305,
46984,
30904,
21278,
15871,
21624,
24356,
25284,
12634,
3263,
35016,
29449,
3051,
26633,
30756,
18900,
47604,
53036,
4274,
54677,
30332,
4610,
15247,
37117,
56120,
15075,
4422,
53660,
32657,
10507,
13382,
35472,
54683,
43634,
38997,
16604,
30590,
55335,
22267,
17180,
44849,
48025,
51934,
3638,
15876,
56923,
54648,
48217,
29220,
53009,
25089,
12439,
30769,
23970,
48441,
35029,
47409,
8472,
16851,
19819,
19217,
44278,
28908,
47099,
26892,
52779,
39274,
57805,
36832,
21885,
18593,
7862,
28306,
12895,
20196,
59962,
30304,
9139,
29229,
7291,
35444,
48810,
34596,
21276,
56324,
54017,
3255,
47400,
35020,
22097,
44285,
15615,
5390,
56572,
43292,
17142,
28559,
5156,
41703,
41531,
19810,
14357,
40087,
58844,
25410,
19448,
27347,
34750,
50215,
28901,
27175,
50027,
44615,
18135,
9562,
32008,
38532,
48477,
6718,
59353,
15840,
42529,
26850,
29024,
30935,
48221,
35649,
47269,
38156,
56129,
15088,
14966,
39242,
19645,
50824,
13971,
28330,
44418,
43259,
16867,
17189,
25877,
33912,
52925,
24199,
39626,
5955,
19221,
43857,
2710,
49931,
34565,
20357,
44612,
36232,
5707,
44420,
36000,
33572,
25417,
8824,
22632,
52121,
56581,
44878,
43261,
19817,
22256,
31473,
55136,
34101,
46521,
25241,
57661,
17979,
8488,
9768,
3252,
51562,
45350,
32202,
10152,
27186,
26868,
6344,
34591,
17713,
15044,
15878,
20191,
4621,
7898,
55794,
3404,
42723,
48219,
30303,
46383,
51334,
9902,
36669,
58616,
44249,
39621,
9591,
44847,
34768,
36803,
31028,
46946,
28939,
54679,
29211,
37119,
1962,
23519,
59730,
4874,
9757,
48470,
54813,
9565,
49790,
16894,
29675,
57498,
52976,
33941,
8417,
19040,
55961,
34956,
35884,
5906,
48888,
9393,
58014,
41905,
17778,
30966,
50883,
28999,
24768,
15813,
4478,
56946,
45109,
15679,
32867,
6579,
9531,
23129,
3239,
32269,
51394,
46323,
17581,
31271,
24591,
25443,
11676,
37186,
33714,
44646,
20303,
49159,
15480,
6780,
34155,
50622,
13545,
43235,
25027,
21487,
1551,
21641,
45304,
4023,
23116,
46581,
51536,
13783,
26464,
42121,
34393,
23324,
17111,
3808,
7494,
48629,
12463,
45136,
59569,
35625,
17575,
59931,
4675,
9358,
34199,
39686,
59551,
17129,
59909,
57893,
9152,
29070,
26804,
30961,
58013,
20109,
41902,
43669,
31847,
8246,
42589,
39216,
5559,
28532,
50428,
34951,
2318,
8622,
41768,
5901,
11824,
44814,
36408,
14758,
33946,
55368,
25682,
45767,
17740,
48844,
42542,
30162,
43490,
6125,
3457,
10757,
40027,
11685,
4672,
35246,
30734,
56526,
56714,
24334,
21646,
47454,
42126,
16030,
31612,
33145,
36437,
20552,
11027,
41757,
20760,
44225,
55959,
27545,
57256,
39229,
14131,
31878,
3691,
55501,
27121,
7003,
22661,
8877,
17586,
9199,
24596,
38134,
56379,
1907,
30957,
31885,
18701,
4811,
55198,
48415,
6548,
38550,
39482,
15648,
55950,
31429,
22802,
19243,
13779,
46749,
16039,
28736,
2920,
16805,
49701,
53895,
2578,
14138,
44648,
55508,
19627,
46923,
10305,
59558,
45107,
46782,
51735,
17120,
23315,
42322,
13580,
34190,
19288,
32267,
14597,
4012,
6321,
22491,
35426,
28997,
3653,
12204,
11481,
56346,
57294,
15021,
25486,
28399,
51351,
16496,
50045,
17782,
22465,
27117,
55537,
11475,
20332,
56180,
45597,
44445,
5762,
3495,
57436,
52978,
25016,
14751,
52144,
50613,
31624,
34958,
2311,
57604,
11011,
32293,
5134,
52376,
39227,
27913,
30198,
29889,
13914,
49362,
36861,
39015,
56984,
27779,
36439,
5930,
38791,
11815,
50419,
28503,
6789,
2329,
35248,
17924,
33983,
34994,
15825,
15019,
6319,
18534,
36895,
40029,
10759,
46543,
55154,
27574,
57603,
25223,
5133,
52371,
20563,
19875,
6584,
2918,
43203,
25475,
36062,
20107,
5765,
13117,
22462,
13325,
4485,
14100,
25481,
59907,
10766,
4643,
37144,
3466,
17771,
18739,
44684,
35045,
1567,
37712,
40472,
29628,
6570,
17127,
26660,
9678,
47517,
23052,
5287,
24045,
21153,
56001,
13091,
9812,
6066,
27096,
42401,
17603,
45624,
52693,
10426,
33462,
6092,
54590,
13257,
12385,
11500,
33650,
50554,
25351,
5273,
20411,
41426,
11356,
46603,
34223,
1872,
27895,
29133,
6865,
6059,
15359,
21950,
38041,
17856,
24846,
4158,
11993,
59620,
48560,
17258,
19104,
49674,
16970,
3987,
58534,
44957,
39503,
14429,
8761,
19336,
27439,
42892,
39355,
14871,
27861,
7943,
8137,
13866,
21198,
41841,
25958,
30684,
7523,
34224,
50761,
23293,
42096,
22173,
28449,
34016,
37693,
14411,
2607,
36325,
20240,
36117,
20072,
53580,
44537,
33465,
34640,
6095,
50305,
3721,
35554,
14081,
45411,
53574,
40163,
33491,
24426,
12144,
29339,
46294,
40507,
1620,
12520,
51647,
12712,
31590,
3345,
17260,
10879,
24270,
57782,
6896,
28220,
41846,
49025,
27866,
6298,
57749,
19331,
46409,
42895,
9486,
3980,
28644,
58533,
20429,
44950,
37658,
4963,
35933,
8792,
22984,
28482,
16983,
18441,
47379,
13895,
39194,
38046,
20885,
30825,
44733,
53784,
57324,
55473,
8139,
43724,
20044,
27605,
7515,
4390,
20420,
5242,
33037,
45285,
20612,
30480,
27437,
34020,
46400,
7727,
16370,
3141,
26723,
22383,
35334,
15733,
37463,
56454,
1616,
57586,
4156,
36783,
30474,
43186,
47526,
42868,
20282,
24622,
56202,
13292,
3525,
54767,
47370,
17400,
24410,
9682,
19307,
43971,
51488,
11956,
10884,
52803,
2058,
22348,
19551,
19763,
31109,
50902,
31935,
27850,
14840,
39364,
48551,
18221,
21539,
8596,
28686,
16189,
12175,
27292,
29308,
14282,
32572,
37232,
15162,
51020,
23400,
48931,
10848,
10074,
23858,
30641,
18817,
57747,
2252,
34027,
22142,
7512,
51682,
52007,
11360,
19569,
43723,
54794,
50334,
52463,
36126,
15196,
57323,
26186,
43511,
8591,
23269,
51649,
9671,
48556,
49484,
26529,
35902,
59272,
39999,
49014,
49828,
14847,
41279,
44539,
8101,
58502,
56498,
2863,
9685,
28447,
21758,
42804,
18272,
3911,
9417,
17834,
38447,
52098,
59470,
33893,
6807,
21932,
59014,
15109,
8155,
7921,
9087,
58132,
52408,
57348,
14813,
39337,
25768,
16778,
39753,
11139,
15599,
11905,
34870,
18286,
26589,
8703,
16912,
14679,
22586,
17661,
18629,
57383,
45646,
10676,
4753,
9870,
42651,
54734,
24027,
37430,
42235,
47575,
3320,
41682,
10020,
24215,
14480,
25101,
36516,
52053,
15794,
14646,
20473,
46661,
2034,
19159,
47581,
7774,
46453,
27464,
55044,
32384,
59689,
44304,
16747,
48991,
17695,
8358,
28874,
33632,
5447,
44760,
4595,
39906,
52437,
34279,
16129,
49611,
5229,
33860,
39754,
5827,
43925,
35199,
18281,
19353,
28070,
51884,
27038,
22778,
28242,
11768,
57941,
24649,
4559,
29156,
26922,
28084,
48161,
53529,
6458,
29700,
19195,
38440,
4901,
18275,
10685,
44555,
52430,
39901,
23695,
3585,
49844,
46030,
55427,
47586,
16324,
46454,
57714,
36723,
44131,
28619,
34246,
43314,
23037,
51417,
32377,
40565,
33097,
15767,
45017,
6467,
51625,
40101,
5686,
54733,
51073,
6231,
17666,
23453,
24676,
11591,
45641,
28046,
50960,
49071,
57379,
20019,
8958,
48391,
19533,
40598,
33856,
58567,
16923,
43913,
28422,
22924,
11108,
20489,
59441,
29736,
17805,
29504,
38220,
45648,
21903,
59819,
10678,
59025,
29352,
9042,
6836,
5012,
26587,
55075,
7577,
34270,
54395,
27667,
11305,
22771,
16544,
9089,
42694,
57174,
39937,
4796,
56294,
39339,
5476,
49872,
46006,
13204,
30086,
9841,
49288,
3547,
59826,
53520,
40305,
10475,
59228,
15107,
37257,
51045,
18618,
48168,
10011,
56604,
45213,
6663,
7583,
29709,
42204,
9419,
14683,
53144,
45021,
38015,
21138,
8197,
17668,
48150,
28889,
15903,
7789,
19396,
27499,
19362,
8735,
11933,
38485,
25108,
33851,
2801,
49620,
33409,
37895,
57970,
13832,
28273,
19534,
28041,
29193,
27009,
42203,
48739,
41486,
53143,
4301,
10016,
40766,
45214,
25795,
10472,
53715,
16785,
29158,
49881,
30075,
6032,
2492,
3540,
42667,
12117,
26322,
53527,
56293,
36376,
20213,
49875,
2654,
13203,
29990,
34613,
22776,
31361,
41016,
24481,
52401,
44564,
22312,
31705,
11302,
39568,
21597,
7742,
2230,
27452,
34214,
43346,
2061,
55223,
33031,
44163,
4998,
57746,
34026,
7721,
27431,
57322,
40395,
44735,
53782,
15197,
27869,
26187,
13260,
25530,
32587,
58158,
39953,
10411,
21356,
35564,
12346,
9825,
27293,
38049,
45421,
4706,
18816,
31792,
26725,
56452,
40537,
45277,
37657,
5082,
47520,
48568,
54137,
28210,
26984,
46861,
2608,
39362,
59287,
28446,
56499,
20419,
33832,
19133,
43983,
54934,
45248,
18015,
8590,
3178,
12977,
13099,
30815,
42409,
30029,
48133,
1845,
53749,
56667,
51442,
43187,
35335,
17859,
26722,
42267,
53127,
24623,
56203,
45614,
26174,
55486,
30011,
50332,
12187,
8138,
54792,
57117,
11702,
44500,
5627,
39954,
7342,
34445,
56693,
33204,
36776,
14426,
34021,
43173,
46633,
7514,
43341,
27604,
4391,
5243,
48908,
3729,
46892,
27099,
10429,
59274,
1628,
38415,
24876,
17866,
35138,
52802,
25950,
58504,
16940,
8751,
55029,
26983,
19762,
14841,
46268,
32542,
39996,
4737,
9814,
35555,
7380,
54562,
26142,
32770,
45622,
52695,
21367,
53747,
35131,
31591,
54106,
10044,
11196,
51646,
18827,
46437,
50552,
27400,
20625,
14410,
37692,
52205,
25959,
46605,
34225,
6094,
34641,
7146,
16511,
8932,
13063,
19559,
13251,
31101,
25733,
41276,
52661,
51679,
49686,
17850,
18024,
45279,
15509,
54905,
6609,
50599,
9641,
14883,
59242,
53778,
30018,
17408,
47378,
9017,
21956,
38047,
59070,
39353,
1880,
27867,
28013,
46850,
7179,
41847,
36129,
17098,
2853,
16976,
58532,
25966,
4996,
16378,
22971,
19330,
48592,
30488,
55443,
25734,
21394,
41043,
39159,
58952,
46266,
8109,
11357,
14625,
44155,
45087,
16172,
51487,
16340,
55027,
49478,
2265,
4192,
36747,
10271,
25196,
21536,
15703,
47724,
6403,
23261,
17054,
42256,
12526,
26521,
11191,
17602,
51017,
19798,
42400,
56232,
10427,
4502,
53740,
56000,
24420,
45417,
59048,
51225,
46292,
39730,
4991,
42893,
27438,
39502,
58535,
46259,
8136,
12189,
21199,
41840,
40992,
20279,
27860,
28828,
29300,
12941,
18447,
21951,
38040,
14884,
30823,
27894,
26946,
9222,
42867,
43189,
12519,
45870,
53129,
59413,
5219,
58561,
25935,
25109,
16925,
16119,
13659,
28424,
55428,
28040,
19535,
7916,
50992,
28888,
47119,
17669,
30877,
29166,
15902,
24679,
56857,
21905,
38014,
30279,
9878,
28286,
12915,
3328,
19397,
18245,
48535,
42833,
29502,
23038,
40758,
7115,
16542,
39931,
20020,
24480,
58308,
14027,
44757,
31152,
46000,
43116,
22121,
35196,
6691,
31704,
43324,
54393,
16126,
20682,
10017,
6665,
54969,
27695,
17000,
6457,
4300,
54703,
12116,
23651,
37063,
53526,
24646,
9249,
6201,
30848,
51043,
19390,
23803,
29505,
59440,
53946,
13498,
29737,
17038,
57982,
8191,
23669,
50995,
2699,
29161,
38221,
20018,
57976,
37893,
43778,
31358,
19532,
7911,
19700,
28047,
30884,
19364,
55877,
43912,
33259,
39763,
39551,
21333,
54536,
18619,
26116,
51878,
3774,
17651,
23464,
51044,
6808,
22784,
15334,
27692,
51612,
18873,
53145,
37632,
4135,
45212,
54152,
51420,
6662,
31703,
13453,
54394,
34271,
5221,
11304,
20671,
43111,
50506,
6696,
5477,
41222,
11552,
33602,
27030,
46007,
7320,
22542,
13037,
55622,
16545,
53528,
56866,
57188,
36983,
4558,
9247,
26923,
31994,
59644,
10825,
58796,
32349,
38673,
9623,
18274,
34882,
3319,
18046,
48736,
6459,
45029,
37409,
20678,
39755,
54993,
28627,
21598,
33861,
57940,
37099,
41825,
11769,
39103,
58306,
14029,
14815,
39331,
7329,
32144,
13491,
18079,
30613,
3928,
27496,
19399,
42001,
17203,
17667,
4755,
21137,
32520,
3570,
12127,
49079,
50968,
49845,
36346,
20011,
56091,
7918,
22746,
15792,
52869,
41442,
33062,
34247,
34849,
50530,
33250,
25769,
39336,
46835,
48193,
16779,
31967,
31369,
20029,
41822,
19167,
18889,
7578,
11138,
33268,
34871,
8702,
26588,
3910,
32940,
4309,
33892,
59643,
10822,
34885,
59227,
18617,
48355,
51278,
40138,
38022,
13650,
22117,
55879,
5022,
57712,
52052,
5210,
19158,
19964,
57144,
33401,
23693,
55421,
28875,
22573,
28049,
20224,
21130,
10677,
24442,
25590,
30270,
23667,
9871,
6005,
3745,
28881,
35530,
6237,
23455,
48964,
17660,
57382,
47574,
6653,
14481,
30614,
55283,
42234,
